{"cameraMode":{"drawMode":0,"name":"Shaded","section":"Shading Mode"},"sceneLighting":false,"audioPlay":false,"sceneViewState":{"showFog":true,"showMaterialUpdate":false,"showSkybox":false,"showFlares":true,"showImageEffects":true,"showParticleSystems":true},"in2DMode":false,"pivot":{"x":2.661590576171875,"y":3.26953125,"z":0.05078125},"rotation":{"x":0.020918581634759904,"y":-0.9690862894058228,"z":0.22946150600910188,"w":0.0883297398686409},"size":18.432531356811525,"orthographic":true}